{"cameraMode":{"drawMode":0,"name":"Shaded","section":"Shading Mode"},"sceneLighting":false,"audioPlay":false,"sceneViewState":{"m_AlwaysRefresh":false,"showFog":true,"showSkybox":false,"showFlares":true,"showImageEffects":true,"showParticleSystems":true,"showVisualEffectGraphs":true,"m_FxEnabled":true},"in2DMode":false,"pivot":{"x":-0.4029669165611267,"y":1.6437098979949952,"z":0.36377984285354617},"rotation":{"x":0.10892127454280853,"y":0.8912099003791809,"z":-0.32051512598991396,"w":0.3021976351737976},"size":1.2247449159622193,"orthographic":false}