{"cameraMode":{"drawMode":0,"name":"Shaded","section":"Shading Mode"},"sceneLighting":false,"audioPlay":false,"sceneViewState":{"m_AlwaysRefresh":false,"showFog":true,"showSkybox":false,"showFlares":true,"showImageEffects":true,"showParticleSystems":true,"showVisualEffectGraphs":true,"m_FxEnabled":true},"in2DMode":false,"pivot":{"x":-0.18812546133995057,"y":-0.05299001559615135,"z":0.42778024077415469},"rotation":{"x":-0.2689836025238037,"y":-0.568728506565094,"z":0.20321275293827058,"w":-0.7504237294197083},"size":0.8660253882408142,"orthographic":false}