{"cameraMode":{"drawMode":0,"name":"Shaded","section":"Shading Mode"},"sceneLighting":false,"audioPlay":false,"sceneViewState":{"m_AlwaysRefresh":false,"showFog":true,"showSkybox":false,"showFlares":true,"showImageEffects":true,"showParticleSystems":true,"showVisualEffectGraphs":true,"m_FxEnabled":true},"in2DMode":false,"pivot":{"x":-0.11372119188308716,"y":0.24660682678222657,"z":-1.0178298950195313},"rotation":{"x":0.44132718443870547,"y":-0.3777310252189636,"z":0.21240977942943574,"w":0.7858397364616394},"size":1.658312439918518,"orthographic":false}